bench,prealloc,vmexit,vmgexit,pvalidate,page_fault,cow
110.dynamic-html,prealloc,58187,4231,32,2537,2537
110.dynamic-html,prealloc,58011,4170,32,2537,2537
110.dynamic-html,prealloc,58020,4161,24,2537,2537
110.dynamic-html,prealloc,58043,4158,24,2537,2537
110.dynamic-html,prealloc,58356,4286,32,2537,2537
210.thumbnailer,prealloc,71778,8289,40,2489,2489
210.thumbnailer,prealloc,71299,8252,32,2489,2489
210.thumbnailer,prealloc,71216,8187,32,2488,2488
210.thumbnailer,prealloc,71879,8511,40,2489,2489
210.thumbnailer,prealloc,71124,8146,32,2489,2489
311.compression,prealloc,89949,10515,96,2436,2436
311.compression,prealloc,87150,10194,48,2436,2436
311.compression,prealloc,87650,10538,40,2435,2435
311.compression,prealloc,87132,10215,48,2436,2436
311.compression,prealloc,87182,10269,48,2435,2435
411.image-recognition,prealloc,708846,21966,544,2700,2700
411.image-recognition,prealloc,708854,22235,344,2700,2700
411.image-recognition,prealloc,708152,21530,336,2700,2700
411.image-recognition,prealloc,707749,21430,336,2700,2700
411.image-recognition,prealloc,707328,21258,336,2700,2700
501.graph-pagerank,prealloc,69547,4380,32,2457,2457
501.graph-pagerank,prealloc,68917,4323,40,2457,2457
501.graph-pagerank,prealloc,68826,4329,32,2457,2457
501.graph-pagerank,prealloc,69122,4487,32,2457,2457
501.graph-pagerank,prealloc,68750,4297,32,2457,2457
502.graph-mst,prealloc,69474,4378,32,2453,2453
502.graph-mst,prealloc,68329,4321,40,2453,2453
502.graph-mst,prealloc,68350,4321,32,2453,2453
502.graph-mst,prealloc,68550,4367,32,2453,2453
502.graph-mst,prealloc,68329,4311,40,2453,2453
503.graph-bfs,prealloc,69397,4363,32,2473,2473
503.graph-bfs,prealloc,69224,4320,32,2473,2473
503.graph-bfs,prealloc,69084,4305,32,2473,2473
503.graph-bfs,prealloc,69138,4314,40,2473,2473
503.graph-bfs,prealloc,69308,4328,32,2473,2473
504.dna-visualisation,prealloc,298884,13739,360,2541,2541
504.dna-visualisation,prealloc,240202,13665,112,2541,2541
504.dna-visualisation,prealloc,240369,13594,104,2541,2541
504.dna-visualisation,prealloc,239816,13164,112,2541,2541
504.dna-visualisation,prealloc,241135,14020,104,2541,2541
